0,tt,0,mVD
8,tt,0,dbw
4,tt,0,Yfu
7,tt,0,SIE
7,tt,0,SIo
2,tt,0,ABg
7,tt,0,urV
5,tt,0,yUX
0,tt,0,tYo
3,tt,0,Lhr
7,tt,0,ohD
0,tt,0,wQB
5,tt,0,TfO
5,tt,0,hgZ
2,tt,0,uyq
1,tt,0,BET
8,tt,0,DDS
4,tt,0,GRo
8,tt,0,ywC
5,tt,0,xRL
6,tt,0,VNJ
5,tt,0,GkQ
3,tt,0,CVt
1,tt,0,dvX
9,tt,0,zCs
8,tt,0,TQn
9,tt,0,Dxm
7,tt,0,two
4,tt,0,QgA
9,tt,0,Cau
1,tt,0,KWe
9,tt,0,cSW
7,tt,0,XZt
6,tt,0,FNS
9,tt,0,WvX
0,tt,0,Fpb
7,tt,0,Fed
0,tt,0,zcW
9,tt,0,zwk
1,tt,0,WnL
0,tt,0,cni
6,tt,0,wbc
2,tt,0,Lpf
3,tt,0,SRz
2,tt,0,OZD
7,tt,0,CQf
8,tt,0,PUd
0,tt,0,mZh
1,tt,0,Lek
6,tt,0,EVZ
7,tt,0,YVQ
6,tt,0,tnY
9,tt,0,Qdd
1,tt,0,dBB
6,tt,0,EJB
3,tt,0,FVg
4,tt,0,yxS
7,tt,0,pMs
8,tt,0,UPi
6,tt,0,Ozw
4,tt,0,fSw
9,tt,0,uHP
4,tt,0,EPT
2,tt,0,mRb
5,tt,0,Kiv
8,tt,0,Iqe
6,tt,0,unC
7,tt,0,DKb
2,tt,0,OmI
1,tt,0,Zeh
9,tt,0,shv
9,tt,0,acP
5,tt,0,hbU
6,tt,0,dXn
2,tt,0,mGJ
2,tt,0,kjE
7,tt,0,KIs
5,tt,0,civ
7,tt,0,lXN
2,tt,0,Tnk
3,tt,0,cpI
0,tt,0,aTO
6,tt,0,mfr
0,tt,0,nks
1,tt,0,COZ
3,tt,0,GbV
3,tt,0,Dxv
9,tt,0,snd
3,tt,0,jzY
6,tt,0,cmV
6,tt,0,Tht
5,tt,0,DPm
6,tt,0,hLI
6,tt,0,wMR
5,tt,0,TYX
6,tt,0,HDS
9,tt,0,vVp
6,tt,0,Pyq
6,tt,0,AUv
9,tt,0,bfx
7,tt,0,gQn
8,tt,0,ebB
2,tt,0,nLr
6,tt,0,hSM
5,tt,0,bxR
7,tt,0,fiU
3,tt,0,mrN
0,tt,0,nRa
1,tt,0,YKq
2,tt,0,IIp
0,tt,0,VxY
9,tt,0,SQT
0,tt,0,UnM
3,tt,0,TbB
4,tt,0,yeA
4,tt,0,QQX
8,tt,0,ogw
5,tt,0,PoJ
2,tt,0,pJk
0,tt,0,kRM
4,tt,0,JQI
3,tt,0,qGb
7,tt,0,IfD
6,tt,0,ygo
6,tt,0,YkC
6,tt,0,EqA
8,tt,0,uSN
0,tt,0,xgl
9,tt,0,Isn
0,tt,0,jcX
7,tt,0,XYy
2,tt,0,pNW
3,tt,0,sUk
8,tt,0,rUn
9,tt,0,kqp
5,tt,0,hMf
9,tt,0,eKY
2,tt,0,aFQ
8,tt,0,xXX
8,tt,0,CQN
4,tt,0,fpr
5,tt,0,vfk
8,tt,0,ebr
1,tt,0,Eym
7,tt,0,PPb
5,tt,0,sCa
2,tt,0,cTy
4,tt,0,XCz
1,tt,0,IsR
0,tt,0,sLS
3,tt,0,FQB
2,tt,0,GJP
3,tt,0,QJo
8,tt,0,jYf
0,tt,0,MzM
4,tt,0,CAo
7,tt,0,nyl
9,tt,0,Jel
0,tt,0,oCf
8,tt,0,edl
3,tt,0,diX
4,tt,0,zzR
6,tt,0,JlO
5,tt,0,jpb
6,tt,0,Onz
1,tt,0,qwR
5,tt,0,tCZ
8,tt,0,bMN
1,tt,0,LGT
0,tt,0,XEw
5,tt,0,jUt
2,tt,0,gSs
5,tt,0,LlW
0,tt,0,MkV
5,tt,0,BEu
6,tt,0,Eso
7,tt,0,EFi
6,tt,0,Csw
6,tt,0,QOk
5,tt,0,phQ
5,tt,0,hBt
2,tt,0,Klj
5,tt,0,PLa
4,tt,0,eKS
7,tt,0,tJW
1,tt,0,ZvR
1,tt,0,qUj
4,tt,0,srQ
8,tt,0,zzu
1,tt,0,eXD
9,tt,0,lGl
4,tt,0,ZlO
7,tt,0,gmZ
5,tt,0,rky
5,tt,0,bHr
5,tt,0,LGY
2,tt,0,Qwm
1,tt,0,jPb
5,tt,0,EVv
6,tt,0,zNp
7,tt,0,max
8,tt,0,DAZ
2,tt,0,qJp
0,tt,0,MPr
8,tt,0,syZ
2,tt,0,zmo
1,tt,0,DgI
4,tt,0,lDj
8,tt,0,LHx
4,tt,0,VoM
7,tt,0,SGn
0,tt,0,vUj
1,tt,0,sYx
6,tt,0,GTe
4,tt,0,FVJ
3,tt,0,dDD
8,tt,0,rMP
8,tt,0,Get
0,tt,0,yYW
7,tt,0,EXP
9,tt,0,kGn
0,tt,0,wRg
6,tt,0,WBh
1,tt,0,Awl
6,tt,0,sXd
1,tt,0,jgf
9,tt,0,Zgm
1,tt,0,RxH
2,tt,0,CFS
1,tt,0,LQq
9,tt,0,zEg
9,tt,0,hSv
2,tt,0,UWH
0,tt,0,BZc
3,tt,0,udn
9,tt,0,zlq
4,tt,0,ybN
4,tt,0,zRP
9,tt,0,zyf
7,tt,0,Wwj
2,tt,0,fGr
9,tt,0,QIv
0,tt,0,TqD
5,tt,0,lvz
0,tt,0,HbW
1,tt,0,Iuv
1,tt,0,HoR
7,tt,0,kCb
8,tt,0,Mjc
2,tt,0,hbX
6,tt,0,vgL
0,tt,0,rqU
2,tt,0,BOw
3,tt,0,xXA
1,tt,0,Sev
2,tt,0,AHM
4,tt,0,ItO
4,tt,0,QpU
7,tt,0,dGL
7,tt,0,rCN
9,tt,0,xED
1,tt,0,LPn
3,tt,0,PVg
4,tt,0,OOU
0,tt,0,rjf
8,tt,0,xRi
7,tt,0,sJQ
1,tt,0,hsJ
1,tt,0,obk
1,tt,0,TMA
1,tt,0,JMq
7,tt,0,NMW
7,tt,0,IsE
5,tt,0,zgu
8,tt,0,FWS
2,tt,0,QTJ
9,tt,0,yci
9,tt,0,zZv
9,tt,0,ELB
3,tt,0,SkS
0,tt,0,NmT
9,tt,0,XZb
1,tt,0,YWL
5,tt,0,twJ
8,tt,0,HUq
0,tt,0,Jcy
4,tt,0,hsD
0,tt,0,UtY
9,tt,0,ymC
2,tt,0,FRa
6,tt,0,Irw
3,tt,0,HoU
2,tt,0,mYq
2,tt,0,myc
7,tt,0,awm
8,tt,0,zfR
8,tt,0,Red
3,tt,0,Alp
4,tt,0,hYz
1,tt,0,bzP
8,tt,0,Sat
0,tt,0,Hga
4,tt,0,haB
7,tt,0,jtO
8,tt,0,iSL
7,tt,0,Ipf
1,tt,0,lpo
9,tt,0,yWB
8,tt,0,Zxs
0,tt,0,Bjn
1,tt,0,VjX
9,tt,0,PVV
2,tt,0,VsM
5,tt,0,BLy
5,tt,0,Xog
3,tt,0,rIU
0,tt,0,AjU
1,tt,0,Jrd
2,tt,0,JpT
9,tt,0,tyu
4,tt,0,LIR
2,tt,0,HFZ
7,tt,0,aEf
4,tt,0,MqQ
4,tt,0,seW
4,tt,0,LNw
4,tt,0,Csh
2,tt,0,ECb
7,tt,0,GiS
5,tt,0,VWy
7,tt,0,aAA
1,tt,0,rqj
3,tt,0,Hhn
2,tt,0,rzQ
4,tt,0,MbF
5,tt,0,MIn
1,tt,0,WhU
7,tt,0,VrI
9,tt,0,UTm
2,tt,0,gnJ
3,tt,0,gDl
9,tt,0,DFB
2,tt,0,ldw
1,tt,0,myo
2,tt,0,nza
3,tt,0,WbL
2,tt,0,dni
9,tt,0,typ
5,tt,0,UhZ
0,tt,0,gPU
7,tt,0,KDS
2,tt,0,HoS
6,tt,0,pYm
4,tt,0,KDI
0,tt,0,Fvx
6,tt,0,KcV
5,tt,0,eDZ
7,tt,0,wbg
9,tt,0,srD
1,tt,0,rWU
2,tt,0,etD
6,tt,0,aQO
3,tt,0,UUw
7,tt,0,DvL
6,tt,0,jwm
8,tt,0,HxA
9,tt,0,Gxv
0,tt,0,VUf
3,tt,0,LCp
4,tt,0,nVp
2,tt,0,FgY
2,tt,0,kvZ
5,tt,0,pDa
2,tt,0,SqR
5,tt,0,Cfu
8,tt,0,ChF
3,tt,0,VcK
0,tt,0,CoC
5,tt,0,QBB
5,tt,0,vTs
5,tt,0,JHN
5,tt,0,hhc
6,tt,0,KOX
7,tt,0,yYp
4,tt,0,YVv
0,tt,0,FtR
6,tt,0,sun
2,tt,0,uAT
7,tt,0,Uoq
6,tt,0,Wdp
8,tt,0,dhj
3,tt,0,WEz
5,tt,0,xuO
6,tt,0,Bju
6,tt,0,hTC
0,tt,0,jVw
1,tt,0,FlT
9,tt,0,YgI
2,tt,0,Oyk
5,tt,0,OTd
4,tt,0,BtR
8,tt,0,cUP
0,tt,0,Bdy
1,tt,0,ZZZ
5,tt,0,ZeW
1,tt,0,jtZ
3,tt,0,Owv
4,tt,0,ivF
5,tt,0,WSr
1,tt,0,UHa
0,tt,0,iyd
4,tt,0,KYg
3,tt,0,kLG
8,tt,0,zQA
7,tt,0,WqG
5,tt,0,HzN
3,tt,0,Xna
8,tt,0,had
6,tt,0,xoX
0,tt,0,ydS
5,tt,0,Iyr
4,tt,0,dxn
4,tt,0,tGs
2,tt,0,UeH
8,tt,0,Jnd
8,tt,0,QVm
7,tt,0,Ntp
3,tt,0,wqm
6,tt,0,KpY
7,tt,0,udm
3,tt,0,LFB
4,tt,0,udh
6,tt,0,EBO
0,tt,0,fyQ
0,tt,0,eOZ
3,tt,0,oiV
6,tt,0,ApA
0,tt,0,gtY
1,tt,0,Vwy
0,tt,0,bsa
8,tt,0,PPU
5,tt,0,EPZ
6,tt,0,jXs
0,tt,0,qYI
2,tt,0,kcu
2,tt,0,bCI
4,tt,0,HeI
9,tt,0,oZy
4,tt,0,trx
3,tt,0,vtn
0,tt,0,Iwf
9,tt,0,EJM
7,tt,0,PMq
4,tt,0,BnB
6,tt,0,RFF
9,tt,0,ekS
9,tt,0,TkW
3,tt,0,WtB
5,tt,0,JJH
9,tt,0,ppa
2,tt,0,zWc
7,tt,0,vxW
3,tt,0,ivO
3,tt,0,gMo
4,tt,0,mLy
4,tt,0,dgd
6,tt,0,Pdh
7,tt,0,egF
6,tt,0,Yls
3,tt,0,sXq
6,tt,0,LUs
0,tt,0,ZnS
0,tt,0,LGB
2,tt,0,PBK
4,tt,0,hoE
6,tt,0,jBj
7,tt,0,GVr
7,tt,0,lef
8,tt,0,VsE
0,tt,0,ZXu
9,tt,0,ocE
6,tt,0,XhQ
5,tt,0,Kvb
7,tt,0,PlI
9,tt,0,IgM
4,tt,0,BKq
6,tt,0,sBR
0,tt,0,rPB
3,tt,0,FrA
3,tt,0,JEu
2,tt,0,fno
6,tt,0,CRC
7,tt,0,azb
2,tt,0,zJi
4,tt,0,PRn
1,tt,0,bBw
5,tt,0,nZb
6,tt,0,LsO
8,tt,0,sFh
6,tt,0,FpK
4,tt,0,FTW
3,tt,0,ftx
6,tt,0,caY
9,tt,0,VIX
7,tt,0,Xmu
9,tt,0,xUH
6,tt,0,HiG
9,tt,0,LEL
4,tt,0,WAT
7,tt,0,Hma
5,tt,0,mss
3,tt,0,LKL
7,tt,0,vib
9,tt,0,ctn
1,tt,0,SQF
4,tt,0,xMa
8,tt,0,NUN
7,tt,0,EtY
3,tt,0,gaR
3,tt,0,Sin
1,tt,0,FuY
9,tt,0,FTG
6,tt,0,Ktw
6,tt,0,Qrf
5,tt,0,kkD
6,tt,0,rDc
1,tt,0,ZbQ
8,tt,0,inu
5,tt,0,HWk
9,tt,0,bRj
0,tt,0,dSf
0,tt,0,zsV
3,tt,0,SkD
7,tt,0,fZz
3,tt,0,qPl
4,tt,0,qmh
5,tt,0,EpG
6,tt,0,Ekr
2,tt,0,rHH
1,tt,0,Tzh
3,tt,0,peI
7,tt,0,Qng
3,tt,0,LUg
5,tt,0,PEP
1,tt,0,QWV
1,tt,0,Mye
0,tt,0,NuN
7,tt,0,Mss
1,tt,0,ifc
1,tt,0,MkP
5,tt,0,mhb
5,tt,0,VCw
0,tt,0,gNz
4,tt,0,Fco
0,tt,0,Vlk
2,tt,0,okh
5,tt,0,TfT
7,tt,0,PJW
5,tt,0,gjj
4,tt,0,CgM
6,tt,0,KYv
1,tt,0,ydO
1,tt,0,eud
8,tt,0,VMf
8,tt,0,PsY
5,tt,0,ROq
4,tt,0,hmO
6,tt,0,fKj
3,tt,0,dVe
2,tt,0,MPT
7,tt,0,ebr
7,tt,0,GVL
6,tt,0,RFp
5,tt,0,dTy
0,tt,0,zHi
3,tt,0,XFa
8,tt,0,xvD
3,tt,0,oig
2,tt,0,KQc
1,tt,0,yyf
7,tt,0,QvA
2,tt,0,tGN
6,tt,0,VSo
3,tt,0,KZz
4,tt,0,zsB
2,tt,0,fKi
7,tt,0,jBF
6,tt,0,mEz
4,tt,0,ztQ
5,tt,0,xTR
2,tt,0,JBq
1,tt,0,vAR
4,tt,0,WCs
0,tt,0,mzS
6,tt,0,sno
3,tt,0,bjn
5,tt,0,bJw
1,tt,0,Phf
5,tt,0,WuN
0,tt,0,RVl
8,tt,0,vTc
8,tt,0,cEI
3,tt,0,ymq
1,tt,0,fGO
5,tt,0,zLu
4,tt,0,uEv
4,tt,0,bCm
9,tt,0,Ioq
0,tt,0,mpa
1,tt,0,Ive
3,tt,0,lJC
3,tt,0,wro
7,tt,0,XeY
5,tt,0,CnA
3,tt,0,Ytl
3,tt,0,Xrw
2,tt,0,vJY
3,tt,0,ZME
7,tt,0,vBj
6,tt,0,npg
3,tt,0,KfD
4,tt,0,qxy
1,tt,0,Fyg
3,tt,0,jMp
9,tt,0,rXM
6,tt,0,FzK
5,tt,0,rNB
9,tt,0,GRK
1,tt,0,cAI
1,tt,0,Jlu
8,tt,0,KEP
7,tt,0,NMJ
1,tt,0,UWD
7,tt,0,ydt
9,tt,0,pOC
3,tt,0,fAG
6,tt,0,Ilg
1,tt,0,USP
2,tt,0,shT
1,tt,0,EZc
6,tt,0,ZkE
7,tt,0,qEr
7,tt,0,BAB
4,tt,0,fCB
9,tt,0,Dui
0,tt,0,tjZ
3,tt,0,bul
3,tt,0,ulK
0,tt,0,XxB
8,tt,0,RIP
6,tt,0,ntD
6,tt,0,mYa
9,tt,0,ams
2,tt,0,ELe
9,tt,0,gty
3,tt,0,Chr
5,tt,0,zuS
0,tt,0,Fog
9,tt,0,aFO
6,tt,0,xFK
5,tt,0,RFI
1,tt,0,oDz
2,tt,0,jfu
7,tt,0,Owk
8,tt,0,Ldm
9,tt,0,KAF
3,tt,0,Jvp
8,tt,0,Urz
5,tt,0,oyX
6,tt,0,KJD
3,tt,0,zQK
4,tt,0,HUH
6,tt,0,fqT
6,tt,0,OgK
4,tt,0,uEO
7,tt,0,mRg
3,tt,0,fht
6,tt,0,pLc
0,tt,0,SCV
1,tt,0,NXV
5,tt,0,cDd
8,tt,0,eKr
7,tt,0,VDm
5,tt,0,PTH
5,tt,0,erO
7,tt,0,ntl
6,tt,0,UvW
1,tt,0,ZQZ
7,tt,0,MJB
6,tt,0,LEl
3,tt,0,iCP
6,tt,0,YrB
0,tt,0,eje
0,tt,0,rGS
9,tt,0,baf
5,tt,0,Hyg
2,tt,0,xCv
0,tt,0,uoy
4,tt,0,gMU
9,tt,0,OGo
2,tt,0,Rey
5,tt,0,OtK
7,tt,0,MsH
3,tt,0,Pmz
2,tt,0,heO
6,tt,0,gGa
5,tt,0,qrn
3,tt,0,hCf
9,tt,0,vCQ
6,tt,0,ydG
3,tt,0,uyY
4,tt,0,XaT
3,tt,0,Hdo
5,tt,0,YKf
4,tt,0,gYx
7,tt,0,vCi
4,tt,0,Fbj
7,tt,0,tpX
4,tt,0,LqU
2,tt,0,HBB
6,tt,0,Sdd
7,tt,0,cPy
7,tt,0,JFo
1,tt,0,CFe
5,tt,0,TFl
4,tt,0,FdR
9,tt,0,nmT
9,tt,0,xyi
7,tt,0,jMI
5,tt,0,DcJ
2,tt,0,sFo
8,tt,0,UxA
0,tt,0,hvW
7,tt,0,SZR
5,tt,0,wLi
2,tt,0,Her
1,tt,0,rJL
3,tt,0,Izc
0,tt,0,aIP
1,tt,0,sCp
7,tt,0,axA
6,tt,0,yTZ
7,tt,0,mLK
7,tt,0,Xqs
2,tt,0,PzB
8,tt,0,vJF
3,tt,0,Mlq
8,tt,0,Hoz
7,tt,0,eDQ
7,tt,0,rmj
6,tt,0,qWG
0,tt,0,DdQ
1,tt,0,qTA
2,tt,0,yTx
2,tt,0,ixY
7,tt,0,uDF
5,tt,0,ScS
8,tt,0,HfX
5,tt,0,rfv
9,tt,0,ItP
2,tt,0,kFT
2,tt,0,oTb
2,tt,0,ObE
3,tt,0,MJX
1,tt,0,PsH
3,tt,0,Wnx
3,tt,0,Qgo
1,tt,0,xmD
1,tt,0,aXk
7,tt,0,fYb
5,tt,0,Knm
8,tt,0,MsI
7,tt,0,mVN
8,tt,0,XVT
8,tt,0,xXk
0,tt,0,lQU
6,tt,0,mBH
8,tt,0,mBY
1,tt,0,WSt
1,tt,0,jUJ
9,tt,0,Adu
8,tt,0,IOR
1,tt,0,riO
7,tt,0,DLk
1,tt,0,Hze
0,tt,0,OKh
4,tt,0,Gwb
5,tt,0,hGw
0,tt,0,AjH
3,tt,0,BvS
0,tt,0,ovD
7,tt,0,mSf
9,tt,0,jGf
4,tt,0,hIw
1,tt,0,Hki
0,tt,0,hSJ
0,tt,0,KEh
0,tt,0,DyQ
4,tt,0,Gms
8,tt,0,wmF
1,tt,0,KPt
1,tt,0,gbv
8,tt,0,AyS
0,tt,0,AGG
1,tt,0,rAu
7,tt,0,SaL
4,tt,0,NgZ
7,tt,0,oRz
2,tt,0,EEW
5,tt,0,RNV
3,tt,0,mAm
7,tt,0,RlK
0,tt,0,QVN
2,tt,0,UOS
7,tt,0,HaY
0,tt,0,JWS
3,tt,0,Xpu
6,tt,0,Jnw
5,tt,0,NRz
7,tt,0,FVQ
5,tt,0,SKK
4,tt,0,ESs
5,tt,0,aKH
1,tt,0,ESQ
7,tt,0,Qsj
8,tt,0,kgI
3,tt,0,wQD
3,tt,0,jZk
5,tt,0,Pjg
6,tt,0,vwP
5,tt,0,QBV
0,tt,0,KDW
7,tt,0,sHP
0,tt,0,dnV
6,tt,0,Qdg
1,tt,0,zgC
6,tt,0,zjx
2,tt,0,gOd
9,tt,0,oSB
1,tt,0,trx
3,tt,0,mLg
0,tt,0,xYa
0,tt,0,nLG
2,tt,0,NTY
1,tt,0,edo
1,tt,0,uvW
0,tt,0,BwX
6,tt,0,DCr
2,tt,0,ASi
2,tt,0,CaT
1,tt,0,Fwg
1,tt,0,PkO
3,tt,0,qMb
2,tt,0,yYh
6,tt,0,TAw
1,tt,0,pVP
6,tt,0,BWs
7,tt,0,Ztb
0,tt,0,jod
7,tt,0,pRE
4,tt,0,McJ
9,tt,0,uRd
9,tt,0,VGi
3,tt,0,pyW
2,tt,0,PIf
5,tt,0,aCK
4,tt,0,XQp
7,tt,0,iEj
8,tt,0,uDq
0,tt,0,aPP
5,tt,0,FLM
1,tt,0,NfK
2,tt,0,rSy
5,tt,0,LjJ
4,tt,0,BXx
6,tt,0,dga
9,tt,0,QfD
3,tt,0,CsN
5,tt,0,tSg
1,tt,0,jmI
1,tt,0,XGk
2,tt,0,JFW
6,tt,0,MLx
2,tt,0,DfQ
6,tt,0,HLK
1,tt,0,gZW
1,tt,0,orG
4,tt,0,ZoG
7,tt,0,hOy
4,tt,0,Eqy
8,tt,0,yPO
3,tt,0,jhe
2,tt,0,QjZ
5,tt,0,Mjw
0,tt,0,UHB
9,tt,0,DtH
0,tt,0,DgH
1,tt,0,XVo
0,tt,0,hGV
9,tt,0,opb
1,tt,0,SFs
9,tt,0,szU
8,tt,0,Ftv
8,tt,0,CMy
8,tt,0,JPY
3,tt,0,pmu
1,tt,0,FeV
1,tt,0,QRU
8,tt,0,Ine
6,tt,0,PrH
6,tt,0,Viz
3,tt,0,kKh
5,tt,0,wNT
2,tt,0,wYH
5,tt,0,hKS
4,tt,0,qGM
6,tt,0,Rjf
8,tt,0,YZW
4,tt,0,EkO
7,tt,0,aUj
4,tt,0,ukJ
5,tt,0,DZi
9,tt,0,ZvV
9,tt,0,CQA
3,tt,0,Opw
9,tt,0,sEz
2,tt,0,fhN
9,tt,0,joQ
9,tt,0,OTx
1,tt,0,dBU
8,tt,0,wgt
0,tt,0,PNp
4,tt,0,Ecp
8,tt,0,krg
8,tt,0,OfT
1,tt,0,pRR
7,tt,0,eVM
1,tt,0,ixt
1,tt,0,woh
1,tt,0,VGu
0,tt,0,QOj
4,tt,0,Ixs
5,tt,0,EAc
6,tt,0,Nxa
9,tt,0,tZg
1,tt,0,JtQ
9,tt,0,Gdu
2,tt,0,ehg
5,tt,0,wrt
3,tt,0,NuF
2,tt,0,leT
1,tt,0,PvC
9,tt,0,LYx
0,tt,0,Pwp
0,tt,0,Pxa
8,tt,0,LKz
8,tt,0,rUr
2,tt,0,thx
8,tt,0,NlE
8,tt,0,NQW
4,tt,0,GMg
5,tt,0,VTU
8,tt,0,Wsz
1,tt,0,Tds
4,tt,0,vzt
8,tt,0,Fif
6,tt,0,nDM
5,tt,0,LXG
4,tt,0,NvD
7,tt,0,vUY
3,tt,0,FMR
5,tt,0,qWB
4,tt,0,qAa
3,tt,0,vKv
7,tt,0,gHH
8,tt,0,OLV
6,tt,0,YuI
7,tt,0,oIK
5,tt,0,isq
8,tt,0,fvb
3,tt,0,HEW
7,tt,0,hnw
7,tt,0,Mer
3,tt,0,zYr
8,tt,0,Uwl
6,tt,0,AMa
5,tt,0,sbi
2,tt,0,ZCl
7,tt,0,toD
0,tt,0,vHP
9,tt,0,eqp
8,tt,0,AXL
6,tt,0,Mbb
0,tt,0,LGB
2,tt,0,zAU
3,tt,0,WAv
0,tt,0,VdE
0,tt,0,eux
6,tt,0,UxP
7,tt,0,tUv
